,x,y
HD53680,10.58866353313624,0.018404210220416994
V*-RT-Cet,10.36440727840223,0.047646534257497486
BP_CRU,6.3030891383808365,0.01636321876841107
HD29305,5.474013594887358,0.10526245041464377
HD107383,14.656254839744527,0.04711240218992103
HD183324,12.0179209918863,0.029782036078664996
KW_Hya,10.383508906331071,0.577857852217811
HD135591,10.548981487106607,0.07786347245576154
HD148937,9.21523181073602,3.1697819314396374
HD319699,8.37292404904547,0.027551600273549307
HD68146,8.01290057730494,0.13226771308765498
HD210191,9.778904266321295,0.018928828128942074
IRAS_15469-5311,2.706455722096856,0.17637704587451528
GAM_PAV,8.621549156814375,0.037124140292349235
HD14228,11.708929369504757,0.04411011316569542
psi_Cen,8.300240047539456,0.6630411552539279
HIP55300,5.3998457954506405,0.2562917116415385
HD41004,8.098992640427749,0.057124691860034285
HD223640,8.881984830078377,0.01693931307859876
HD28497,8.458029822460128,0.02396606345361054
HD101190,9.983877909008195,1.1225988804051377
AI_Sco,5.9023121102379426,0.23576179741760658
HD109573,9.368643990536642,0.029179470242341625
HD210418,9.297299973384195,0.014893664868140548
Cl_Trumpler_16_244,9.08046643283613,0.04077772915547004
HIP118121,10.743171642310282,0.04844866681790984
HD65430,10.049485449732968,0.02577442218543021
HD91572,4.167574844296578,0.02520277122829449
HD142184,6.140680284748458,0.053548857550363024
chi_Eri,9.771000210885944,0.10294222992554415
CO_ORI,8.600392001354969,0.28125203611918
HD103742,10.267201906944967,0.03883515218132603
HD131977,10.035170419309685,0.030723445002218013
ACHERNAR,11.033944921039014,0.04450946041805016
HD152314,11.139044598602025,0.7718518735827864
HD31203,7.288014322117993,0.09924320002011311
V1075_Sco,8.811293333665198,2.54117221155868
BD+25697,4.451258804626913,0.14633901637368815
eps_Psc,8.190968008422995,0.034042741241320854
HD64760,7.914022784696461,0.027035438855116303
IRAS22327-1731,7.3792597428069415,0.09778045295784218
HD8887,9.98890818987159,0.158124407224017
V4090_Sgr,9.998401993702828,0.2801736957442915
EM__SR21,6.867287336767525,0.11803935144787923
HD76341,10.441472480721172,0.036332053761091346
HD206860,11.846649550159446,0.012996141371767522
HD37061,10.783944651794801,0.41225631071815055
TW_HYA,6.676868316479036,0.05793052531893172
eta_Aql,9.499538149243502,0.030296393131823206
HD118972,11.113675524828587,0.019581290425786102
HD8558,10.061274872701738,0.035261214766751335
HR4049,2.7922037368494586,0.04453820847381636
HD210302,9.903226895081273,0.018681249100311565
T_PYX,8.770774208156054,0.05292587908155492
HD94910,8.324974972659993,0.036931275557022844
V2056_ORI,8.340013531388538,0.19124685230977337
HD199728,7.0651085423935305,0.031173717880861984
HD955,7.979028118702369,0.061689616664754275
_GKF2010_MN48,10.142115801106211,0.05018542273627194
HD216494,3.655643414731548,1.1168483678323442
HD141569,10.046612635737587,0.04964208171305278
M05_HD72913,9.713722917121073,0.0645037638132236
HD33802,5.212481102548668,0.1351231107131122
MWC147,6.380620418640593,0.04630269091636852
HD67848,10.730004504762727,0.024243507444056588
HD42111,10.727450922603186,0.025633754456845577
HD56160,8.432200672062985,0.0135960933221525
HDE_322417,9.900224399298276,0.035471414669823
HD101431,9.272997306187474,0.035586916955600637
HD24649,10.246932196034633,0.025236309464735394
GJ433,10.042733228448908,0.09477823899301972
HD293782,5.204439790988944,0.04086996802041303
HD74535,5.279056782684044,0.035266956854346145
KAP01_CET,9.264527630838028,0.030531274470935267
HD105912,10.723433293275956,0.05697954084686129
ETA_CAR,4.077841103271029,0.19039783930820536
HD92607,7.329329162985309,0.030720384026459217
HD183936,10.749764787267328,0.09645960123296225
HD4128,3.2447479699932846,0.028961970251600185
HIP86098,3.0415526527432384,0.1352830394592869
HD120136,9.498306820655962,0.014863690728604016
V380_ORI,9.358089743917457,0.6959031864684883
BET_PSC,9.63650947112387,0.04415162687548142
l_Car,9.431311554745058,1.0284315074994212
HD184932,10.769842286335697,0.11263443180911509
AR_PUP,0.0,0.0
AX_Cir,9.643104943043207,0.05300305665852026
HD105382,9.812865232796462,0.16770039724070868
HD156738,7.721478353761802,0.8685491598817368
HD136202,11.471211109772325,0.02286911865977583
EPS_CAP,7.443384026058931,0.07960488585956547
HD17051,13.156990190578348,0.014885294320860741
HD93222,8.710251449663705,1.8641541362093388
HD244604,4.261447023496728,0.010010223174413135
HD49518,9.50516714875124,0.025372759882537503
alf_Aqr,7.914514440119024,0.014089683938361075
HD51986,7.7637814268146,0.9044860740162802
M05_HD54792,7.429340769307289,0.030111317393679705
HD100546,9.239480016380243,0.226809284310885
HD9540,8.763228933070991,0.059433763583105675
HD58647,8.82866836837725,0.08403312912974183
SV_Vul,6.937399619545589,0.037994337978458755
HD123590,9.942047930831952,0.0860814816487641
VY_CMA,2.228355071046611,2.5811942077074854
ZET_LEP,7.517302388568428,0.040190861793202456
51_OPH,6.464067062936074,0.05686527538842174
HD145718,6.491605724190136,0.06526060856985641
HD30501,11.198255130253818,0.09988852715836681
HD165319,7.84987396948233,0.030572006708787815
T_CHA,7.829332397499121,0.047794517057089675
BD+02_2428,5.643698515006856,0.050769739762275105
V856_SCO,7.089335842299653,0.4196058502815422
HD10939,9.047919533853515,0.035138112915378286
HD220572,5.988654326007975,0.0939695787953596
ZCMaHBe,3.395017589247939,1.6710636359471138
43_ORI,12.451201806787248,0.04881856343517364
AX-Cir,8.302534459168866,0.045217412336579804
HD126983,11.223984858759502,2.9573658159555274
HD216336,8.351502952683143,0.050905525473268404
IRAS19125+0343,4.607958789583066,0.3051828816096249
HD125241,9.028004195348938,0.06767139609801731
M05_HD26575,8.946144175054885,0.040187605611863284
HD192425,7.5344627112111215,0.01506043568771968
CPD-64_4333,10.16979340446879,0.5975490275820858
HD72673,10.124895617897694,0.007205034678863989
FOMALHAUT,9.987313456772727,0.03881620803186177
Gaia19lbd,9.162806196718694,0.11584311497466429
HD2262,9.516652507341895,0.020379157724654536
GJ_729,9.36068749372922,0.029532912627815523
_NOVA_CEN_2013_,3.8726654512726517,0.0203039788891743
HIP117186,11.396522474167478,0.9899947477346618
HD39918,8.74029459692186,0.015669760196141354
No_name,9.741445736461564,0.08376550328081278
V0470_Sco,9.114993310293649,0.02782587773359429
ALP_ERI,10.40623086590721,0.0686930356674673
HD37258,7.262967622894921,0.07155631030293493
BD+02_2547,5.705759366650412,0.0909468816136869
HD99873,8.880594464816363,0.020099521550645018
R_CAR,2.9661992523855494,3.920187073755505
GAMMA_PHE,6.471154606664681,3.6065330362190107
HD121454,6.781566614724829,0.42444885891212825
V2062_OPH,4.3217660851771535,0.03259202814951505
HD49273,8.667829229106557,0.016214937932890434
HD194636,8.955163162504617,0.18656758792596764
HD3823,9.742664206803292,0.039270416162900355
GL370,9.165486695320617,0.024747089534959636
lam_Sgr,2.743854331711274,5.554466815889617
HD31925,9.98539186034479,0.03105615894787548
HD149661,6.667052198521774,0.09652028886243694
HD40136,9.317897180095498,0.012034085618888286
bet_Aql,7.521223580813876,0.029866635384728467
63_OPH,11.995430547235435,0.03683001199757453
HD190658,10.206289684752283,0.04022238336214304
HD36018,8.1235976837552,3.087987091857605
Tau_Cet,8.806257892177632,0.024669896957344933
ALTAIR,8.46004021428453,2.190395518858347
20_23_30_730_20_46_04_100,0.0,0.0
HD191263,9.32984419180273,0.42148455863625905
HD135240,9.337458917293478,0.5746272819565291
ROX44,3.456826927650446,0.05211773206596077
HD122451,10.340515478114048,2.164062395754774
EW_Sct,9.80291308899601,0.027978376841938303
HD152386,7.008463989007465,0.09920798228663635
HD68312,9.236115934874363,0.026553839726063257
HIP103309,10.3701575625527,0.020236315307020677
HD97319,3.854650177328349,0.04385365731271206
X_Sgr,10.49420173253276,0.042201821513635676
HD114368,9.407700854890178,0.06426227722290438
HD69830,10.223355902513248,0.028815600628675074
HD153234,7.699046172324693,1.2136687579771603
HD181327,9.542432761630254,0.04841126934906964
HD135344_B,6.9179183633791075,0.010888671036582228
HD9362,5.736791533187235,0.03610500214687998
HD96946,4.84687551797759,0.2843233570077807
HD85905,9.400477869447306,3.8560646774788467
HD212421,10.45696712974748,0.05589468828143464
HD92938,13.28288869299112,0.017545047136404875
HD35588,9.558127719239451,0.01910495566581502
TWA_3B,8.969137984696875,0.08346112377730786
HD166191,9.258562992444096,0.04743596185797782
V-V1818-Ori,3.832420888895042,0.024951306571758182
GL229,8.997389949417613,0.08075452376617621
HD52533,5.338795885357508,0.03715726101857937
HD92945,9.338935634274307,0.029094645872867458
HD39040,7.485871873294759,3.2233391817784987
IC4329A,3.9930941483899605,0.4828977455622813
HIP95270,10.11681994131012,0.026638954208335664
CQ_Tau,6.2867190645983895,0.07221855577267582
HD105484,4.1019662823071315,0.6247327992900814
HD43879,10.372958361244168,0.02558703210639712
HD93204,5.954193134708124,0.040270864564554684
HD34547,2.8975940682632086,0.07377852000969663
HD116658,7.491210467684976,0.13392872968598182
HD177724,7.765147833895099,0.020239703281406254
ER_DEL,9.768710754393299,0.028728185213380976
HD179520,6.403392317169458,0.059581679539988226
U_Vul,8.955964523804557,0.04218023771428112
omi2_Eri,9.067403815021548,0.028253057457051874
IOT_PSC,5.731001477660143,0.05223811415977854
QZ_Car,9.159953858104895,1.302962706612018
HD76932,6.15451141765634,0.0173823655817499
HIP92680,8.901615052927305,0.014371448381245317
HD22905,10.819936891834107,0.15680658075481715
HD136504,7.11075614593217,0.3433297863996526
HD74196,10.294059057850596,0.13644725998517235
M05_HD27804,9.19841023407176,0.025401805611545775
HD139254,5.504145666129449,0.02765501306933055
HD36917,10.191326380107096,0.12265482480283499
HD58978,8.267662215289123,0.04539540981910227
48_LIB,12.31626888004986,0.027393954526768287
GY_Sge,10.12663142077257,0.11246534988730142
HD101126,2.7472131551991934,0.4551336770298529
AB_AUR,8.142469486518701,0.06446013740498273
SCI_phiAqr_HD219215,3.1749541323653077,4.097574494928115
HD41278,9.897685773579864,0.029999461825567616
V766Cen,6.775855647021368,1.1292200403382366
U_Sgr,10.638399707174498,0.02529343697497328
HD56961,6.472242324141294,0.022139103448170296
HD161050,9.26224194181324,0.08040589996693638
HD161701,9.769478178774822,0.2016012413732502
LTT-9682,10.504634973948894,0.01469292219409176
LS2063,4.401686123219518,0.6625094534695357
HD128898,10.29022296054231,0.022925528559663386
HD31237,9.038438969658259,0.011963155967508141
HD152424,8.549783215894802,0.03347446411335008
HD1879,7.519907559368956,0.04298226381898518
HD22470,11.953223250451861,0.8384057286691036
UY_AUR_A,3.1323594708722284,0.010589653298207323
HD189078,8.42177587470316,0.07898235555444183
HD38678,10.666948445264362,0.028241895248682848
BD_-13_4927,10.534099091169425,0.06036505937755241
HD164794,10.824609861866824,1.3927768578983655
Alpha_Cen_A,4.5193839870466626,4.556238153068118
HD33111,10.931848954877115,0.017417505812845725
HD305525,2.0932651282037975,0.11340754170613589
HD106233,6.139136603814628,0.08650894816888449
16_SGR,8.553698222395717,2.1834436414199643
ZET_AQL,10.33268168357732,0.060093919775155415
SZ_CHA,3.228938425394372,0.018642708510369078
HD217343,8.574164084778495,0.03193711765365772
CC_Phe,10.17448511628734,0.047022291840865205
hd149446,9.485945058333488,0.03709911067174075
PI_GRU,3.0255774257755665,3.5815155570347113
HD102365,12.222778626435344,0.020580794430428432
AU_PEG,3.605910441287039,0.008981619593284319
EPS_PEG,1.762914723535149,4.925867571795223
M05_HD117597,11.068328836362621,0.06911296099203483
HR5999,7.484864806365663,0.33069356399947875
HD207989,8.71911564022483,0.26560586795492996
HD68290,7.817970918249038,0.05743210808609037
HIP80535,3.3279622265189928,1.4806067134244323
HD103924,7.729340498099415,0.02333790333191256
HD139614,5.692592461806615,0.07163708038314268
alf_Hyi,8.995267081485107,0.06498987245554695
HD93843,10.07443103104446,0.06985582491180245
BETELGEUSE,1.7327998963403892,4.548902084544205
TAU_LIB,8.530995382699576,0.14829373609579147
HD98800_B,7.648172913820979,1.0310350532468504
HD221507,7.253087374646162,0.05059112525231141
HD185615,10.236513101877218,0.05716991283719251
SIG_CET,12.579762219582651,0.024384163235043953
HD250550,4.294584251096669,0.09665454231976751
DR_Tau,9.38056813962223,0.6403037535028916
HD51480,10.232008299306111,0.2280418907616728
HD163472,9.829708037907247,0.0232728340659424
HD77137,13.478350141098915,0.1543573912564136
HD98922,5.670846385651737,0.21297057480401893
HD83659,4.25129461934436,0.07812384002979426
WY_VEL,7.216055244185393,0.10443688637605758
HD175754,9.144404819273126,0.06570555759906141
UPS_CET,9.533594896721576,0.060183415310402014
HIP2484,9.759479161892346,0.04850314545099633
HD102461,6.421746180659833,0.03188973039436852
IS_Eri,10.613913539477272,0.09941127362791627
HD205637,12.953923647914394,0.02322373098041605
IRAS10456-5712,7.031886960369896,0.023101074853920434
HD91437,9.028202055617097,0.01867016557424255
HD93808,10.445833309079346,0.034562479004718455
HD142527,7.743896969403305,0.19863374759942218
TU_ORI,3.106898420677258,0.40215929685383534
HD13445,10.97329579963093,0.019736572864175114
HD178253,8.613506132502803,0.0068152691141981055
AA_ORI,3.8684018882470275,0.3937355811580944
MWC614,1.9923289638022945,0.07978932433254189
HD62412,10.141678736998879,0.02655741899775741
HD38949,11.54631816593015,0.039082079093244744
HD107720,9.157726780747007,0.049859644813107215
RMC_71,5.071546201094639,0.2007273556367286
HD34816,9.177668353326073,0.1129807041402282
EPS_PSA,10.44481560876744,0.048593363846295756
HD46149,8.520770268146963,1.9895227622940266
GQ_LUP,5.497041276268854,0.05589461930832762
_GKF2010_MN46,9.414605981336903,0.045521355550121254
NAME-SADALMELIK,5.948632909188852,0.05141206493869044
HD94963,7.355589489618071,0.15092026724935645
AU_MIC,9.140843504047584,0.012347721096163937
THETA1_ORI_B,6.734049830590089,0.6527103940313577
HD75211,10.183367249117905,0.053263897123642184
HD3221,10.818528932493102,2.2210847560196463
HD327083,3.463196291254451,0.14697579602389763
HD5771,7.254321266111978,0.04565900182160978
AHSco,4.651103066547712,4.292547181727308
AP_PSC,10.406545426239617,0.04314003636598142
HD188228,8.84978768265561,0.02060044412118773
HR8254,10.673957201546502,0.023727997115663802
TZ_FOR,9.786598119009945,1.09330155209955
GG_TAU_2,8.398754465155228,0.28280665521226134
HD38087,8.412848091501411,0.7132893221455802
HD191089,7.748089611640627,0.03876179642347467
HD153426,8.671229821775668,0.04501663544994943
HD209459,6.539342022466085,0.12619063229855879
HD141943,9.80489891215002,0.04364204231617539
EPS-CRu,4.065015762834243,0.14540479750279736
RW_HYA,7.924916596982677,0.02317142426056152
HD28217,5.23477564916028,0.40722895394747666
HD42353,5.537739404489078,0.028239257554421287
HD57615,3.3367453932323543,1.0840770889896447
HD143462,9.354449634500822,0.037219989243915653
HD47839,5.838261956629681,0.12856978485919984
HD101966,9.344050973500368,0.3193637882649246
IRAS05208-2035,4.965957361394045,0.04322291137230254
HD167971,9.67422034655642,2.3722458273998046
HD152623,7.211179473387799,1.6853126839592416
HD29589,9.609406712788127,0.1602787514197036
HD193933,7.855620692458857,2.1425109774544504
HD152723,9.889360582815746,0.19917476411095197
HD17925,10.652714156646477,0.019623595853366406
HD175345,11.067829964680195,0.22837618281471644
VFUOri,7.914338946205466,0.02491395251854584
IK_LUP,9.872552069438367,0.061508454816568726
42_LIB,9.333211019419519,0.04038194478507253
V918_SCO,6.675388569857553,0.05525639038372868
HD52266,11.14004848992344,0.2863488525571805
GXMon,2.873373614210271,4.017432078952553
HD152003,9.445247414730527,0.06766094674448862
HD37411,5.526249719026464,0.04613857056502341
81_Aqr,9.31309656318076,0.02859304021724869
EM_MWC_297,5.098681168248246,1.109140247531015
HD162374,5.49411779282409,0.03467454215243587
CPD-47_2963,7.876998956516662,0.5511724498056043
V602Car,4.798796346671071,3.682122076793831
R_FOR,3.5463709040706712,2.3968357002727867
HD96917,5.847440137938771,0.32266610958912656
GJ876,9.64090405447395,0.15123218743197045
epsSgr,8.998291874979019,0.08624103448427814
omi_Pup,10.276047354011455,0.04217638635721649
CR_CHA,5.015479692496019,0.11168902245139475
omi_Aqr,10.41644135127873,0.03262587219474377
HD93129A,9.309265534839827,0.8454093137780909
HD137617,3.425251526644949,0.30464451609450843
HD18955,8.72334311949079,3.978173221391651
HD31295,7.922184540033857,0.009593367474671264
S_Nor,9.150732538447176,0.03963303968837979
HD59435,8.094482913620372,0.6430029118626299
CD-53_544,9.000784758410749,2.494956076063481
HD44627,7.808990344910095,0.0673128318422575
HD130109,12.422650253342017,0.020786680451239242
Proxima,6.6460366601416325,0.11419606913941806
TYC8944-1189-1,5.488529636248885,0.096990984915609
HIP104987,8.037210274945789,0.47182069391378134
HD23319,5.985307635056464,0.051432950062322666
HD129502,9.303079945024743,0.011740753657331566
V1230_ORI,4.947139746332417,1.976878438914543
TETA_CIR,6.3814272721368885,0.6707895080759628
GJ667C,9.175919780782191,0.026729209470416765
HD39640,9.585254995779321,0.029050238654344113
EPS_ERI,10.428569905185952,0.03702675458850015
HD39060,9.86716076559646,0.027628114865766964
HD38206,7.402097777594669,0.07472252281730919
HD150958A,5.292154655054219,0.12661172884805155
V4046_SGR,5.829101517553728,0.026303103750925427
BP_CIR,10.887524729533887,0.1922910521458801
HR_Car,6.607470132287687,0.45751573026943415
HD75759,8.741147866020988,0.09305533683798818
CE_Tau,4.861665880367293,3.7051010266405364
AK_SCO,10.331716899401886,0.24104470428457664
GJ_900,11.453093414115399,0.03493017470056721
TYC7740-529-1,5.061746363402112,0.906865280820009
HD156935,8.58613769121754,0.08646737073454613
GL887,9.797199481421286,0.03312449251317965
eta-Tuc,8.655801413986133,0.070959726373873
HD37889,5.539556216653852,0.025035117677387184
HD94189,4.390203205465982,1.5539068430020997
VDGTau,2.5543631733641905,0.1620412464867281
U_MON,5.568183804108255,0.25296571516651484
HD3126,9.982015334265673,0.018419137826794482
S_Sge,10.46600759937095,0.04147331365111576
HT_LUP,4.093278018409046,0.04783292551380475
ZETA_PUP,5.4365063796372635,0.03109937329820913
HD14988,8.878142727817817,0.2720618808598141
HD124314,9.876327640872688,0.37405048351672526
HD16815,5.669360478186713,0.014578506944090219
HD224392,8.986372455456635,0.03761831891636489
GL86,10.692637849655567,0.02678676840467575
HD23647,3.7544720801280165,0.3270119324405599
HIP12272,8.988384754241965,0.45063537749933974
Y_Oph,9.589993095085129,0.01967693780668441
UYSct,2.683375878000961,0.513693998768861
HD152408,8.891485698210081,0.044923758737645036
HD143006,8.665733052710282,0.07159207079917831
HD83944,8.596618133191518,1.9393431404610852
HD83844,6.858220454397775,0.017061865299289686
HD25558,8.579603934185071,1.3179381572835225
b02Aqr,8.4624252167856,3.313854747111754
HD34282,3.0497658122328426,0.022969639523351227
HD22213,11.831584459963485,0.07089783776450616
HD26469,9.445023099531763,2.0348393187449316
HD53244,11.140435760649206,0.012158800622006876
HD32249,8.835115346989124,1.7456148525526145
HD152247,9.581543869050948,0.5675611290512059
R_Aqr,1.73212234399902,3.4236069337322967
HD34719,4.6424739454616795,0.05162672130484756
SS_LEP,6.6751119085726325,0.4155145107225375
RX_PUP,1.147718512941915,0.027711172891052793
V403_ORI,5.63832000873239,0.046386244892100685
HD167882,9.334520223934797,0.43121142856389505
HD22262,8.260709177683074,0.810000086981221
HD94660,9.452900020142758,0.35654485116495516
HD44524,9.230797327507855,0.018429103543154097
HD165777,7.9934569923911845,0.032197476700487664
HD28287,8.981032284013654,0.04480442045151329
HD101545A,9.951579200755415,1.851023058466365
HD33904,9.663375759208332,0.04554931132837148
HD29248,9.588496978932943,0.010502762054162755
BD_-22_5866,8.431390241713652,0.8820412397143421
HD113659,6.405364333472082,0.046663612572963996
HD104731,7.527881490014734,0.01504282445898125
omi_Sgr,7.1631395633659185,0.12195811654043437
HD142,8.19823445097299,0.10064786092005096
HD35369,6.806464641690541,0.05961518481131367
HD93160,8.923210298213235,0.5884074305566032
V393_SCO,8.769363475219622,0.15801884941354108
HIP14157,10.049328687232231,2.1057918864439364
HD53798,7.549034035371423,0.9726739350032056
V343_Nor,7.179911166251971,0.18984970036676194
VV_SER,8.055210573637487,0.09096796663970691
HD164427,9.470128541684902,0.18092067251938215
HD71304,8.59033447090168,0.10044034348822613
TYC4979-33-1,6.317928959143091,0.047465178974094274
GX_301-2,13.332429232875846,0.022629187277195692
HD20586,7.695254596232846,0.02591330973025255
IRAS11000-6153,6.8567874782870355,0.3448835782934676
HIP82280,5.073938202110959,0.053907106645495466
LAMBDA_SCO,8.82303046912276,0.7789725698909652
HD190406,7.9642749409183535,0.06549685656221768
HD90132,8.976209936402686,0.04588912717824577
HD155555,7.421917093052067,0.020357216847042673
HD224926,10.220525173624884,0.02758317641067232
HIP36284,4.549678515760538,3.295958091260744
HD11171,8.984719673225438,0.06384568635190807
FG_Ser,7.793973375631389,0.021702344633527947
alpha2Cru,9.388002417441264,1.9258299079754113
SS-Lep,10.92356446026188,0.4792110055826877
HIP95106,9.266011742272516,0.2560525569402344
HD205674,10.42304605868506,0.016804175401908258
HD261783,11.026636039181067,0.03933504617818237
HD40307,4.870223376838445,0.02265990724053314
HD27627,6.851944016005301,0.03822617392200169
HIP92858,3.934797269046974,0.23584970487231088
HD101413,8.127941902863626,0.7762245512539337
HD20640,8.374617152690249,0.00984924592549964
TWA_5,3.807964886392612,0.3670898812896966
IRAS13481-6124,0.0,0.0
HD121743,9.051350250683699,0.01858888887372509
HD13183,11.793535489462474,0.07377716202172035
GW_ORI,2.778155396831947,2.720245081715153
BD_-11_4586,10.553832779458972,0.040629118740009025
HD98058,10.81156904192747,0.0193826345092833
HD308765,6.611370223370866,0.05311810447829302
HD16940,6.144321927718937,0.12098117419835995
HD80007,9.606412131522575,0.5064754962508932
HD100825,10.734132764183444,0.03201452243702189
HIP560,8.742582584145177,0.014202463821309848
V2235_Sgr,9.531684480894272,0.03681097878265804
HD106993,9.583793264453684,0.06993878847092211
HIP92024,9.718205585894312,0.03788633012118455
HD210277,6.838633088037004,0.0255961921258494
HD36881,9.774923302884961,0.1777593924331499
HD30495,11.085855054371772,0.015553813098706607
HD219077,11.928173155420904,0.2517751709168167
HD152234,9.942659642460828,0.08579471091905966
MWC_758,8.301153646731686,0.0459675560738672
U_CAR,10.832233736127575,0.042946792221269306
HD152249,10.695171768198962,0.041162568134561414
HD16978,8.500954657684584,0.29069054618036266
HD203699,8.698717325321175,0.08436850478138064
29_CMA,7.68900016814548,0.06388496900294338
HD20766,7.454543692951172,0.013442563815576038
V-UX-Ori,4.281420293070111,0.051710755720287056
ETA_BOO,8.055764509140873,0.02115789256856463
MWC297,5.397128653001073,0.6235223548296659
HD96264,5.509732055070805,0.009621599799374927
MWC120,3.4063309104499657,0.3478203036362719
HD109787,9.584282844211144,0.02030038899911866
HD93129,9.15190870297678,0.8224035589873856
ANTARES,1.7349773314116006,3.1158890390608014
SCI_etaCet_HD6805,4.0093454989959145,3.5188330156334953
REGULUS,9.907186074956511,0.02328647679062031
HD63975,11.838825715166308,0.15245748280494087
HIP68270,2.555695829351436,0.03402850793428126
Cl_Westerlund_1_W_243,10.99656435176199,0.16043185986243028
SCI_iotCet_HD1522,4.117152516253853,3.773493378987097
HD80133,8.806689661323684,2.88562023857829
HD46132,8.60957123746874,0.030721026857474517
THETA1_ORI_D,7.963931990326527,0.9115290667387642
V1121_OPH,5.899589547220848,0.04979981722194905
AS_205A,7.19409276910368,0.11955388886837207
HIP89046,8.603321646041476,0.03339031857716265
IRAS_00230-7220,8.448512588354664,0.38603084461003356
HIP31828,5.033354968346564,1.0830314330238515
HD6592,7.259302101292476,0.04780309932254041
CD-33_7795,8.679075494369252,0.411580489697473
HIP83214,7.346560211463791,0.05711803212721328
EN_TrA,6.906626082032776,0.101694648686897
HIP14124,9.128443768600011,1.5514004180701855
V1036_SCO,8.90186639804388,0.0898257361612637
HD50241,8.9706661824507,0.1159690397492712
HD108879,12.00722385592258,0.03588917845499239
HD171589,9.17929386004826,0.2233290422516011
HIP107947,4.854050494736001,0.02555290834192887
HD189103,7.927861589468643,0.03390997168373321
HD19107,9.184710415002638,0.020711523517393332
V_V856_Sco,4.6348478768198484,0.061535006644456824
V_1247_ORI,4.869620104605293,0.07939936470264275
V1295Aql,7.347646785198971,0.20076886080966463
HD11753,6.088057280907912,0.022112229114788166
HD32363,6.029340758458678,0.09157472969750251
HD98800,9.794852841626426,0.5560677904992485
HD14412,11.359209433475817,0.022043636516026487
HR4591,11.003868430725698,0.02065654398725309
RScl,3.7125985003342894,2.3090716840399486
RY_ARA,9.309380878154172,0.01595398629142112
HD150136,10.94079438912624,0.5185789029322335
HD90874,7.87992738223916,0.04898510893729179
GL876,10.257696922039429,0.029407048262689882
HD75333,10.15851353224877,0.060458571182884974
HD147932,8.753165799802582,0.44041777327793996
HIP118029,3.9118882528010617,0.02371410635443692
HD37805,9.703022751006324,0.055386332275353695
MX_ORI,5.505195214704414,0.5188555659281258
HD93162,8.09197797423922,0.6743583115866911
M05_HD44621,10.389392907083275,0.025257408718345354
HD34721,6.055033796407814,0.029192668441905923
HD112244,5.747888221550158,0.022881755554043016
SS_433,4.054536736451117,0.07590478689253939
IRAS08544-4431,3.42022097316622,0.10232397221930203
HD305523,3.96426833874901,0.2548172551498196
RR_TEL,3.5950537935080153,0.2146479750373392
HD71066,10.246095483642394,0.058890833301549275
HD185510,9.634914326919247,0.010981637344424462
HD17848,7.200033530177025,0.03664039226310428
HD106911,8.539652711721429,0.3642097731111805
HD89591,9.150403097090653,1.8857831748096352
HD69144,8.834374688565324,0.04683586533180646
AH_Vel,10.156636730413053,0.05905474094397084
MY_LUP,4.960325704791636,0.03091334625630517
HD149835,15.306908084223162,0.03317362801925689
HD224990,9.156650742105533,0.7642882935599256
HD93453,10.57466811698544,0.06479002152880647
BG_Ind,8.505532572845636,0.15756211294368117
HD148546,9.145511439427944,0.026163092117612516
HD37470,4.905781469684363,0.07667480692950114
HD36047,8.870710596981587,0.06925166248225395
HD10647,9.657897037721078,0.017298911975686452
GCIRS_7,4.713721697613886,0.1352854731981362
SCI_gamAql_HD186791,2.0497690727298306,3.299662645645478
HD179218,1.8544014425236206,0.11906809490958477
HD22128,11.688612563054047,0.24993042004112417
HD10008,8.0301690019884,0.020590004908787277
HD322417,8.824392935734787,0.10101963679447429
HD34880,9.114029251110983,0.059595066984420984
HR5171,4.647930253148221,2.924897736645215
HD138769,9.934415300820577,0.034382348633156416
V2279_ORI,3.6063247306452437,0.7143096310985855
HD8813,8.945317851254726,0.12949460139720625
eta_Sco,11.025002424118789,0.03802901631891532
HD220476,12.64901329913768,0.02875514057516123
HD66765,8.563125675834941,0.05857199823662418
HD10840,6.7851319816244375,0.044008592573858786
V1295_AQL,0.0,0.0
V2129_OPH,7.805748481435476,0.15530032422117712
LS4067,6.963733855762073,0.07109829345416081
HD4747,10.219802796249226,0.04918703678363455
HD154312,3.5256382371728097,0.142231288592415
kap1_Lup,9.341579814504723,0.011566287989275724
HD73340,9.720170431716104,0.04030978679272023
HD184707,0.0,0.0
bet_CMi,9.130993749797645,0.028221497489007992
EPS_TUC,8.364512047069368,0.025313511371960105
VLLOri,6.0023762748247185,0.029447892709175007
HD68099,9.069064674446837,0.03200796690414606
HD96143,10.02892572496971,0.07470042529491171
WR_90,8.81420614182503,0.1023136710701876
HD53929,8.15748893280537,0.021238204448723864
RY_LUP,5.412510663008014,0.05665513117351541
HD43162,8.394449603134204,0.016900411122218933
GJ_674,9.843754216551064,0.040113838852455785
W_Sgr,9.914241921417796,0.02265582255584928
U_Aql,9.419252760878102,0.024169579390137686
B02_HD182709,9.686128488475125,0.08350789697956837
S_SCT,1.8583243368126565,0.0
HD92140,9.090679427242327,1.8967630121682604
3C273,4.178018813693289,0.12738509843656795
V3903_SGR,11.764363899291617,0.030026581089090447
SCI_nuCet_HD12274,2.9477264313911946,2.848669961852642
HD250289,5.89302773712907,0.03721046061135794
HIP81511,9.88705411645809,0.03245390786598163
HD10700,7.402637342071282,0.03533782479792761
TYC-8434-1026-1,3.8870163992347027,0.07172280764087478
HIP114189,10.604225845801798,0.14633281715549026
AISco,9.057561818474339,0.09290921924327168
HD44853,9.102060086753486,1.9648540144344477
HD224228,8.421088303228881,0.05281694238664317
HD26912,7.802866487694631,0.010100095674686721
HD172555,8.310628896120527,0.042586843527521324
HD168112,12.49326034600709,0.09209905854305545
HD12438,8.713325928074743,0.0413831405090668
IRAS14524-6838,5.916310839108273,0.06050263984531962
R_CRA,3.398556292093641,1.0225511694724847
RY_SCT,10.0082194278268,0.03414554812484662
HD127972,3.609588778740088,0.018686396796744567
HD187289,10.199892983333209,0.016597255773830585
HD127381,8.606438570214188,0.12900230327106632
V1321_ORI,5.742784920185106,0.06159349847273909
HD122476,10.491121975407882,0.050771338176340934
CD-59_3310,3.973874490608515,0.0415600349437574
HIP114421,7.6585074680351175,0.0401333185985718
B02_HD87837,9.715208162358403,0.04615383037815956
HD40003,6.28057717806128,0.04022672897566045
HD4113,8.550212948347774,0.04053459072626669
2MASS_J10100032-5702073,3.4707256192040865,0.04150783435750952
37_Lib,9.125150847418128,0.028325793997005737
CPD-24_6137,8.633719884890372,0.11432140417427838
HD45184,9.98487973500056,0.03499570392833249
SIGMA_PUP,5.48102908830297,3.544980688030631
Y_Sgr,7.03153230721489,0.03747311000155962
UV_CET,10.65539078797159,0.2480299245196729
Q1_ERI,7.317604917860627,0.04191385502790367
HD38478,7.192430598045063,0.021538242406805456
DELTA_AQR,7.9584331869952445,0.04343799809262119
HD106906,9.796537288172727,0.1765509946483776
HD135379,9.433803264162378,0.07496061522641821
HD149822,9.419389836694348,0.08420742686129243
BS_INDI,1.9885852876395318,0.12058783182652359
HD204960,13.736052419815113,1.5771889244300568
MCW_1019,8.669409855408185,0.10234015647566803
HD35929,9.796567405819259,0.03697829060780195
1_ORI,10.696304509456455,0.38353690594625506
HD153891,3.2977729870901165,0.00895584428946053
HD303308,4.574032627369158,0.02194883851464322
YZ_Car,8.700724171153754,0.1429083734982192
TWA_3A,8.401464576853304,3.023546843766842
GL406,7.594783947380478,0.08441765788340523
HD62952,10.397174154438675,0.7119347878752047
V_1305_ORI,3.3533068451900983,0.030431269652663944
L2_PUP,1.414372053385088,0.6197101448180903
HD197157,8.037975593601868,0.01119389089287807
HD182572,9.478421121032769,0.009027670268617323
HD115617,10.166282697271022,0.027251218192812832
HD204381,8.333547763543727,0.031705007519253675
HD187642,8.564676884633807,0.0470298426742378
HIP83779,5.1219765204973715,0.6399025373277096
HD167771,9.199789355590152,0.029616330800648683
HD31392,7.7289829310774,0.054898401663848684
GJ_628,10.850999528849528,0.01455153876548583
HD120678,8.69379949754068,0.024704766810090303
HD93403,9.408566988589643,0.09336247148074422
HD53975,10.544908598595603,0.17681897361930754
HD76968,10.396494077731719,0.1185777692837697
HD151003,9.112875298891932,1.2607095087079376
HD76151,11.151880553397527,0.01713878840129589
GG_TAU,10.259287935092322,0.31349327081023454
DK_Cet,7.889073110237304,0.05064396959006898
HD114886,8.35317340199196,0.12133522317393905
HD167659,8.96169517570672,0.23034255142053972
PDS_144S,1.646151182783199,0.4757842609732461
HD101584,4.96974382190025,0.3834249576566532
HD15427,9.000605285105456,0.01751132577628597
CoKu_Haro_1-14_c,8.253657102365132,0.6692407419681886
HD71155,10.836057560647934,0.010587731733979476
9_SGR,8.76507006465981,0.2242517998595708
IRAS12185-4856,7.791352247347617,0.08656427667830771
ALF_ARA,8.443413915822239,0.06777282139862893
BG_Cru,8.359694741398302,0.025703243137920467
HD110411,11.994683754377848,0.04161654332888036
HD19417,10.306928300700578,0.040972975385416124
AG_PEG,10.630473022847598,0.026725424814567002
HD168625,9.166829533172429,0.008509112982782011
HD69106,7.588400688571886,0.015154932846408533
HR5969,7.867809425957701,0.04387670280565547
HD35149,7.869719148020657,0.7453607326085847
HD125276,9.206914921875363,0.034578176222865124
42_Aqr,9.887531257855366,0.029270342555888746
HD76143,9.02117315057683,0.00798439282158298
GL273,8.776774674480412,0.10256476959732645
HD217379A,8.79999713435049,2.9949440693841347
HIP90004,6.382755276681687,0.02742347756764645
DI_CHA,5.84154806461259,0.13234489071345734
2MASS_J17445945-2905258,5.217653508001331,0.06137339669958188
HD106625,10.772664386105033,0.01484664036699601
HD63080,10.500887622909993,0.182856937968473
HIP84952,6.081536161666109,0.1449018685792515
EZ_ORI,2.7101587170902603,0.12883876326417484
HD149914,13.270310565709492,0.043665838528131835
THETA1_ORI_A,6.119765043057776,0.6644800997288939
HD214479,7.366206880598057,2.1749999456097737
HD159217,10.658164490949067,0.03147709860995456
HD134083,7.066616981858205,0.031453146011479124
HD98591,8.887443827339707,0.016509889000248933
EM_MWC_300,0.0,0.0
HD35337,12.096855590018698,0.10768190604444412
HD99211,7.180038884076787,0.02183957476884578
HD38858,10.718247794331349,0.031484723922282264
HD72208,9.681065586791737,0.02015771900527062
TW_HOR,6.873354228568376,0.32706206431564533
HD123999,7.89003394142524,2.5143968311533147
GL667C,13.159801934110813,0.050646198618159825
WEZEN,7.710286098529542,2.4519500252918234
HD158643,10.534582511498684,0.0975954483989098
GL1,10.081555358775585,0.021845360634131762
HD56495,10.82812819670957,0.06774385819072057
HD20807,7.908682950389897,0.05537430575205819
M05_HD26595,9.122111244665698,0.05087720449507057
IGR_J16318-4848,3.4131614501220646,0.14072152013467437
pi_PsA,7.9451328537254975,0.35361386180186666
HD15008,11.680008500693434,0.0359321682484667
HD202730,16.25289366213083,0.03126384696954236
HD125823,8.750113480813152,0.011703485194645535
MV_ORI,7.355460621585201,0.16297911619714386
MWC158,5.437197514316761,0.8534407587508847
M05_HD198698,11.760191512456712,0.008496200266034747
HD117716,9.511769467858239,0.02904158976865761
WR_78,4.956465165261141,0.06745120148496364
HD31373,6.831681987514717,0.054791804868109494
TAU_CMA,4.322977008952282,0.5059084875387544
HD57682,8.71563127330239,0.085243109815104
HD28873,10.37157371554977,0.08204810021396236
HIP63230,8.821496741903829,0.060588768689854244
HD196067,9.078679036828602,0.12856794090757803
alpha1Cru,7.714480044617183,0.6364065030668062
HD1581,9.92353261131252,0.0518883902647712
COUPJ053516,9.727551636204938,0.11449789437727872
HD30076,10.061740099178133,0.02578556210022201
HD67621,10.045723978092091,0.03745999103044087
V1051_CEN,1.6442669479181977,0.6278679400998849
TY_CRA,9.584347444715265,1.023943014354716
IRAS10174-5704,8.222407390070904,0.011208913642702474
HIP2487,6.075982073320236,0.7077677857964998
HD164259,10.274923782612841,0.01805697798771009
AI_Phe,11.967265031989143,0.22456079503876047
HIP11360,8.269451057931546,0.050518571035773556
HD32309,9.916797641789064,0.01722345758288554
HD56618,1.5325262554702908,3.9906401055069503
HD223825,8.561430169899205,2.97303610174838
DS_Tuc,9.723042665115242,0.03524649451665614
HD44344,9.409331893531741,0.03010097888072623
HD97131,5.34578765338791,2.1265438442275784
PARENAGO_2208,10.708170860914876,0.07726961613819533
HD149438,8.681984101235638,0.40495188799112986
Alpha_Cen_B,6.0247435173420545,4.47613781137304
HD209100,9.976124896505514,0.032729931211298614
IRAS12222-4652,3.533322973412884,0.21549138420363526
HD196051,10.400718015188312,0.10372948064874819
TYC8944-2024-1,6.0628222905149745,0.11116182335465136
GAM_GRU,11.22102867220677,0.0297423735121683
HD98800_A,7.356033652023463,0.470003082280905
HD76556,9.140590835153716,0.3086399521947607
TYC_282-143-1,5.044381442375227,0.10987343285870066
HD53367,10.569127771700515,0.07398496520652699
HD117856,9.225320058049057,0.2711021571272127
RS_PUP,10.430919635758364,0.07263120511511743
HD182919,6.835754612683121,0.036009780608818896
AG_Car,10.233380612440717,0.016348425386975174
hd151259,10.55060053545885,0.031115834725434523
HD36187,7.626222785091083,0.028145562228220296
CPD-57_2874,11.700197402540457,0.06511277728015478
HD122775,5.803385350857385,0.05447277062252537
HD3277,9.201531932528507,0.2625328464911953
TWA_2,8.55755034827681,0.3594804413096189
HIP78456,5.620372004365474,0.09942384630382799
T_TAU_N,6.5987298710362525,0.015029094251738378
ZETA_OPH,8.608662469615867,0.09208266163278386
HD7570,10.523361731820861,0.013693565871640556
HD206742,7.716863187275839,1.5829317721497254
HIP26001,9.605654690736694,0.24316763048342693
HD28170,3.9140833088149107,0.14905804853511698
UY_AUR_B,2.409393023802912,0.017106726986461696
HD326823,11.953050811504484,0.11651454503053105
ome_CMa,11.183786456028594,0.232704200320922
HD24023,12.376043005761412,0.008113893597647566
HD97166,5.748334760916768,0.015448376156460553
V350_Sgr,7.630230618910638,0.0559302556514708
PLASKETT,5.999705519354837,0.18452612541499921
HD23484,8.904673546924993,0.016573339062176003
HD93130,7.27467072858522,0.26008823889591093
B02_HD209688,10.164058397585958,0.02585488051666075
HD135344A,5.549526046718938,0.035436246346131864
HD216956,7.828020154959694,0.03566504202660383
HD132058,6.96965761461435,0.01801775537207868
HD152233,10.384020655013405,0.2906846984047805
MWC863,6.895744678440659,0.0888911217696574
BET3_TUC,6.337711713417183,0.054713803128809115
HD165052,10.021846225278416,0.051426056924965484
HD191110,8.764534140221851,0.9676868286467782
IRAS07008+1050,5.1541026065069495,0.13759397499676795
HD55879,10.530861608105331,0.09664027592253642
HD120324,8.889366842209505,0.09025541405038817
TWA_07,3.951699161912373,0.0416130954828505
alp_Ara,9.529302954493373,0.05702053793485225
HD106459,7.1671868964375,0.020221675865299098
HD4247,8.303505032938595,0.05466985912977432
HD11977,10.28380036564679,0.014816984155479546
HD46035,9.403255390098833,0.8020000203453336
THETA1_ORI_C,4.629639057917275,0.32854979741907187
HD37484,7.950240288759827,0.049876050900737504
HD37062,6.490609958433034,0.27119382642712914
HD49606,8.568355191283185,0.03414367470060415
HD107621,9.568556467536975,0.03611712269428875
HD5388,8.782443776310698,0.01863290097945023
V560_CAR,10.256710860394863,0.0684002148195715
61_Aqr,10.317564880267371,0.03464682719741866
HD114737,4.296310699206872,0.04027654245967991
HD196141,9.891668515714935,0.03870097687025697
HD215648,9.761337210907708,0.02244779157773939
HD2834,14.465878359427332,0.026270988065812694
IRAS17038-4815,5.455596390578459,0.03850428517745108
HD174474,6.461613848961028,0.041126979025431824
HD141891,7.506702435599903,0.08741904726576731
HD139664,9.408262050582254,0.037303134348431334
HIP53487,6.792426534976707,0.051227402174979265
V786_ARA,11.678528179767051,0.012746900173331367
HD46947,11.323004046975601,0.04619771053385736
HIP72706,8.335160175354668,0.13435012074228964
ALP_COL,8.626243021408845,0.075298764590648
HD192758,9.71215265094305,0.05712069252844582
HD161868,8.275612630611379,0.018589770405695066
IRAS12067-4508,7.626372305539922,0.2911078047943525
HD113766,4.700621923112866,0.03697020205695861
DELTA_SCO,8.952331291875165,0.1980005481917776
HD102889,10.104035318592347,0.02905750651029996
V1074_SCO,10.276468169105124,0.052878832244531396
HD19948,8.785533208724871,0.03378151945916862
HD3379,11.159659676488973,0.38439822714885724
HD11930,5.341068276756144,0.31599414694635153
FU_ORI,6.862367093490891,0.025484222838262332
BETA_DOR,9.879651969992363,0.0151005952753008
HD194367,9.089068521833031,0.05655604826851998
HD1909,10.666802224138646,0.046687822160723064
HD161612,10.364954575482189,0.018618201457718
V2246_OPH,10.434397734057603,0.13340522472909327
HD5737,5.880150976793184,0.015085896755635764
HD175876,6.798967704714104,0.03591554904097217
HD32527,5.348127594345095,1.0149640149236654
HD93118,10.72738818363674,0.3064782478284268
del_Eri,6.723969800664472,0.0678650852189898
HD183227,11.099857147410868,0.025203287036650465
HD108767,9.963001282482365,0.047013582632550614
WW_CHA,6.158516842820713,1.1930710413609134
HD303492,9.40217736535051,0.11882837692682878
KAPPA_PAV,9.886810369692277,0.07981809062955617
HD50337,11.013349346709099,0.1175252584200944
HD140008,11.707381894886232,0.01770743278830454
HD97253,9.05005628694785,0.47861324134533983
HD14903,9.849477979275116,0.03262075925092325
RYTau,2.940779438497622,0.05295638424459148
HD259431,8.557665731515398,0.08906494792605955
HEN_3-1761,7.114580936333133,0.03196634253446241
HD111012,9.88574876607743,0.05840668012076468
V1007_SCO,7.853927834168056,0.02289506006116196
HD163758,9.031836909934256,0.030806393575822856
HR7221,9.578250426995828,0.020011027648730886
HD80883,7.04752978752333,0.036431574172326085
V963_Cen,13.373487859709511,0.5679394751615603
LL_ORI,5.890085574541472,0.07234185223775254
eps_Ind,9.329985950078077,0.010275581614768471
95_Cet,10.05056679499021,0.026829076502634278
CD-59_3300,4.327691772885483,0.8361665340478989
zet01_Sco,13.328657341654083,0.018937917895545033
HIP103571,3.2722228085681953,0.23122195787996522
HIP21547,9.132823348597096,0.016683229615247434
HD109153,10.617871258163401,0.1600573309470662
HIP78014,5.713984170844831,0.27928969866688286
HD23249,8.742714756979462,0.04333291345648337
HIP79881,8.637710082175682,0.008650747244888414
HD71722,9.029768815634608,0.02627813608263744
HD33262,10.50337419011764,0.01329839551158439
HIP65426,5.402073135694161,0.08427372414930619
HD178175,13.410143122596685,0.1149974869948685
HD50138,4.763296687742399,0.6467868304849904
IRAS15469-5311,4.075732428958615,0.15598602862121458
thetaSco,9.007073768609002,0.18262300895882116
HD34429,5.414414452920122,1.8755224523317522
HD256,10.86347179180229,1.0363680282833951
B02_HD45669,8.512947213263708,0.025682250886852293
HR8500,9.814675470670128,0.025142722543875246
kap_CMa,10.885950663376361,0.20533291651303578
HD37357,3.694411896399707,0.0874610538393642
HD210049,9.792092066126983,0.016968000414837214
GL1061,11.439578260208908,0.04682335918051504
HD112603,11.065234377626783,0.13419438123034227
HD96715,3.754128145500833,0.03247399910971422
HD142384,7.145107037625371,0.09388281369606476
_mu_col,8.130590854808357,0.01257219910597098
HD13004,9.702161728584537,0.06858655876236747
KSI01_CMA,9.223372086048833,0.03261297333893768
HD203,4.9446198813448765,0.042016358643781886
betVol,5.323595546634501,0.0427447181371293
HD68450,7.311274020094776,0.05370081108448106
ome_Car,9.027312251249002,0.05053998477859668
NAME-PEACOCK,10.066527945629668,0.03766789508244838
HD36635,10.062510034680484,0.028463681208421302
HD102964,7.401893339609754,0.026381722583572353
AL_Dor,7.8451357984038275,2.4343582303662266
T_ORI,9.194327866106676,0.27933164200684907
HD29388,8.889217696876262,0.10171448929649325
SCI_delPsc_HD4656,3.4033803718801003,4.461526798320085
UCAC4_443-054906,7.232635176669009,0.06253183776974404
VEL_X-1,12.017991173663427,0.04697364802068755
2MASS_J01373545-0645375,6.234134577767019,0.06097126768464801
HD49229,5.586839938824909,0.22276065336764628
HD165185,10.345230203846473,0.2608100373997161
HD97434,6.394898424581281,0.026413201681466592
IRAS09149-6206,4.804398768598286,0.04949913848134013
HD32964,11.538986087963512,1.157512539601075
HD28355,7.078538126376876,0.025116266110802508
HD32297,10.224228810865911,0.18520370827313537
GL551,9.218320677650658,0.017337108636079204
HD78418,10.08340597096176,0.8747150869186738
NN_Del,11.56866992245762,0.46034843555322713
HD168076,7.489625704513114,0.5518817794918927
FW_CMa,9.032577368647974,0.05842790984971335
HD39014,9.789153152795764,0.022434337554250408
SCI_alfAqr_HD209750,4.623927228104252,0.5589169291350119
HD60275,9.964345251459278,0.568243893835762
BL_CET,8.620150061830953,0.29115289362688024
HD22920,9.568918500482633,0.03101061227542186
HD93250,10.991803188687394,0.259939424604047
HD222661,8.452593907720777,0.08574798948216586
KQ_Sco,12.079185758452262,0.11373233204000113
HR10,10.783910756342516,1.0789933376239844
HD32612,9.692654717400764,0.043466931104666165
GL785,9.300656558190434,0.027022150087550316
HD50002,6.871931576529612,0.056894320149508
HD163296,6.478496501509247,0.3824717545383673
HD144668,7.355480738850236,0.2228668883755456
V1081_SCO,8.305705186987193,0.5191921462611048
HD164438,8.96058167503154,0.04529746846570681
HD105435,7.904365673056952,0.12192346496405007
HD188887,7.835185439453994,0.2117368994334118
HBC_463,4.779691774624302,0.26633091436516276
PI_AQR,9.870226548199575,0.023848411038039745
HD88955,10.326784027246896,0.014833922566551517
V_Vul,12.041742732376774,0.09928343014886483
HD20630,12.511778906915621,0.6659139146179158
69_Vir,9.715913402997066,0.047732030328733126
HD150135,11.33879893938939,2.345870566995763
HD212076,12.436099393759578,0.04107629816301566
V2149_ORI,8.238584185424273,0.10571898490838406
IW_CAR,3.2850149453952926,0.2846329594621956
HD144290,8.92025740828337,0.20999214080644438
RCrA,1.8324063689120906,0.3435777792475813
HD29992,9.195872113459197,0.044633974365283206
HD37042,8.136875863203565,0.10957202300305452
HD80077,12.010354912244773,0.011466533499357988
VZ_PsA,12.64492650597953,0.10356254318860084
HD35439,6.167331567960335,0.02473374074861578
HD169142,8.739699830373036,0.14245440901900883
HD37806,7.004435356569218,0.14358333256696953
HD35548,4.6913234189323445,0.28739006253339683
HD37877,10.30012175676493,0.023057806250227925
HD202671,7.313819139638316,0.034211537276280374
_ups_Ori,6.145039822228195,0.012517492434545864
B02_HD168723,5.196673731830593,0.1123627122073117
HD75222,9.910176773531681,0.055795255734997246
HD13335,9.833373062532116,0.2623209305158637
bet_TrA,11.19441227619574,0.04032192527818979
HD12702,9.204099336590348,0.0662162997939721
HD163892,11.418046724252463,0.020456715072169132
HD56043,0.0,0.0
HD85567,10.018187652050642,0.1368358847859972
SCI_HD150136,9.902933581810586,0.5554472610320693
HD91324,11.78267656813546,0.02867022898330402
HD9672,8.193695908613558,0.012060402736322237
HD85504,10.262299746991191,0.03454547608978043
HD34587,11.115415447989925,0.014843479103216992
HD50196,10.05264560663843,0.049004165935376036
HD141378,13.36193788908482,0.06256187934752573
HD101189,7.3096386292477975,0.02425733182365654
HD69464,4.460642711012183,0.051387459297806644
HD68978A,6.401585382432363,0.10759206897852071
CCDM-J16054-1948AB,8.401369057452582,0.030365336676098278
HD95881,7.871233037247334,0.38807215185573085
HD154643,10.358646599973124,0.029513214876828373
IRAS18123+0511,5.202670603639557,0.1681805042570359
HD152246,9.611942655822968,3.0300494669330815
zeta_Gem,8.46861773174613,0.03596524334452571
HD197544,5.256616734732806,2.853234477407163
HD181869,7.72622203507055,0.033751348732168465
RU_LUP,8.517269394324101,0.2574895811145586
HD115455,8.788640239796072,0.16257718209906533
31_PEG,13.12391209003645,0.1948868371906564
HD160529,10.975315578805144,0.015847866267806057
HD17081,11.471392661620165,0.021414915793637978
2MASS_J05352686-0511076,9.255571396353282,0.3189068496984449
HD60060,10.254547591504348,0.01824227871700634
HD154811,9.934500540430184,0.11937020884017294
HD37017,9.218694363361228,0.18327009852784162
HD36271,7.679661350340712,0.08226251769167252
HD152405,7.364892520937116,0.02829297346527789
HD313846,9.054153522856302,0.042913732992289635
V1000_SCO,5.688519737258254,0.263453637734993
HD36982,9.772714347334464,0.0986398437290625
RU_Sct,7.9335429289830275,0.018233516860993247
HN_LUP,3.0149649807840926,0.03412421388648136
HD177565,11.442029586242212,0.031129922911159406
HD179761,7.848881682726313,0.039341577585193015
HD176386,10.96182147650731,0.12138547289942077
HD55719,9.844083315057071,1.9480381759608838
HD28975,6.961295644085064,0.06481220624597805
HD59066,9.154392243370705,0.12829725749030374
V884_SCO,9.430481387023187,0.032054784996449086
HD101436,11.440632390501662,0.07629670593159152
HD161935,7.349985927053326,0.3183190771694535
V661_CAR,6.779410445850067,0.2447261222644915
HD168443,6.194190346199843,0.1030254089051274
HD52603,9.597401232715665,0.01598376133410178
HD37492,7.343114050962541,0.028578341454791087
HD54662,8.780393168069313,1.9899768854789621
IRAS17243-4348,6.126205204338681,0.08080754599429286
betaCar,9.605235491891646,0.053959873763118685
R_SCL,3.38525872912881,2.0890692651019287
BETA_PIC,8.702051421515929,0.026940634290527253
HD53705,9.383998640762979,0.019164519089516465
TAU_SCO,9.642298767019755,0.02085844027238622
HD104237,6.2718180312611675,1.711805874356472
AC_HER,3.176552473799839,0.026372749897612197
Y_Car,7.668381642385202,0.16669724706554004
HD208811,4.485326348100696,0.05748425789108417
HD29137,9.395615262382806,0.062161255313542586
HD212571,11.592459871178605,0.03001869554018132
HD177873,7.953561162935482,0.06378213858031077
HD70235,12.41211509269179,0.21458410946357317
HD28251,10.68730998380739,0.03758480174531216
F_CEN,4.015297081076467,0.05323036572119421
HD100453,6.351867111638064,0.13065042952438127
S_Mus,10.73839035295442,0.0376638541770125
HIP99273,11.833999449543672,0.08152332272278588
HD197481,8.89173519846713,0.046570854478971975
FF_Aql,11.336413111232684,0.01962779333514642
HD207129,10.93948007477099,0.017246370054594555
HIP60624,7.031433838086791,0.10089303992942782
HD37306,7.414366241338167,0.02757972666288172
GJ_54_1,10.509415093009569,0.024123639370608446
HD220689,4.790752867281218,0.4645765359721863
HD216435,5.383873613445466,0.02745048321992477
HD23526,10.098895052300001,0.014563960903778218
HD144432,8.300473353947298,0.16065110123246443
WInd,10.13054600281886,0.05082802944382883
GL447,10.48599970585819,0.09114110387122282
LX_ORI,2.929715904998801,0.06005971782262957
CANOPUS,5.903620890163689,3.3613800113820855
HD191692,10.359804075773067,0.4911813969446985
HD31648,9.03964246971939,0.04531040334487717
HIP20601,9.774196800732618,1.1872668227369367
EZ_CMa,8.569138155702944,0.028489901641695632
HD152391,11.04355313753419,0.027777193999358872
CV_CHA,6.920481710132442,0.053943222666338234
HD60532,8.49068935085011,0.0214831274116828
HD61005,7.4109186078483384,0.020834326275095197
HD173010,10.030185981455459,0.05432742107817583
HD17824,9.021587889782953,0.015914046827411123
V1261_ORI,7.596461220208435,0.02971485606919775
HD168607,10.838344178454397,0.011003564260891878
GL54_1,7.14466619786865,0.23192041209365796
PX_Hya,13.817156923326545,0.33807302403088596
HD156292,11.400013450689364,0.01599641826280993
HD58715,14.194649657263533,0.09254255633913633
2MASS_J07193593-1739180,2.8418565052822045,0.09323690685003842
MCW_1113,9.690211466255892,0.023972133543295065
HD182180,10.46673132000924,0.03799550340404511
HD150193,7.088136142448955,0.12487970243653437
15_SGR,9.26647319452576,0.15395883429833687
HD109026,8.674621623381388,1.1062202120393854
HD71833,9.24053843222395,0.040774869409526446
HD213845,7.7774542307636665,0.03130088133431641
S_CRA,5.185301618066348,0.09983375416766892
V2508_OPH,4.173573474405126,0.2050302949556164
HD142666,7.448566935619208,0.07270188210465207
HD17652,8.669670518697002,0.014915889730099278
HD352,9.09913568013425,0.02354094419651506
LM_VEL,6.342190738779033,0.03773174418564565
HP_CHA,7.364470381208113,0.34945584145358627
HD219402,7.167227772390647,0.19907979175718896
GAM_PHE,5.23056921983122,4.76241237300592
MT_ORI,8.50812904543341,0.1734124478571994
HD139343,6.244587584427839,0.39787112178159495
HD214953,7.429197711171789,0.02187199856515449
HD90087,5.417790973611656,0.028131063075084135
R_SCT,7.1899214301104095,0.2024846554976604
HD45415,10.126107924700204,0.025909833771059945
MWC275,2.1697881614554824,0.2059817046943206
HD65950,8.093879431234887,0.0647089076793765
NGC3783,4.780471841733421,0.1564816361831958
HD164492,9.58377222198612,0.2457848950037562
NX_VEL,7.728561040671362,0.11329712461132176
MCW_1062,9.194307116055029,0.028683682298677703
RY_Sco,8.90522435195155,0.024531385364669048
HD156154,6.928196363737012,0.03328713609605369
HD215789,11.304883831118028,0.014011044248045671
SCI_tauAqr_HD216032,3.3068629542997185,4.159903724615688
SU_Cru,9.741690833880277,0.0282379763975999
HD18622,8.049481153752703,4.231077304065721
HD101298,3.669387554507074,0.0339599757102831
HD94454,8.445355752796171,0.18469580799099627
HD130807,7.424004141877491,0.33027251072509034
2MASS_J05343976-0524254,6.234105058057563,0.03754951133754442
2MASS1229099+0154464,5.08962212997323,0.1540153193095198
HD164816,8.720760438324199,0.06080731048796882
HD176473,7.270629978130068,2.5497720750862194
10_TAU,10.659424185186422,0.022218721944521895
tau_Sgr,6.505722532605445,0.05234488636775406
HD38529,10.612865287742869,0.016809601954544198
HD54879,5.159376087051967,0.029532292193029677
GJ832,8.818021219793147,0.03320575659329572
HD29615,8.864775373586403,0.03127736193042346
SCI_88Aqr_HD218594,4.1305385550020945,4.068685128113165
AS205A,8.503438012582176,0.04441073147041288
HD152147,11.202994053077694,0.040235290582757294
HD15798,6.9249762282675205,0.03849333243743311
HD68456,8.430714414563356,0.03400888100722902
RZ_Vel,12.959743444403662,0.026273920835189386
CS_CHA,3.40916340512863,0.40771290913198976
HD138498,7.681974025023384,0.7750085647839225
HD190073,7.227424989288923,0.11432128725032727
HD191215,8.084573556547287,0.05626098686382787
HD90781,10.226987855176002,0.02519248662002605
ZCMaFUOr,5.535630176233199,0.04855244261562951
HD190102,9.01788704140114,0.03697219341056149
HIP54327,8.063153972260936,0.07529223635755451
HD166546,8.365658480917762,0.026128503721516348
HD10142,9.100950141188866,0.02688330538994668
HD22484,9.209051271355435,0.02935144347065168
HD136544,10.906338244021518,0.05008081084837959
HD22001,9.819512860649098,0.01423637997061487
V636_Sco,10.596892082589697,0.034433638676601964
HD225132,13.310365866195522,0.012568330856584731
CPD-59_2603,5.5461773084932835,0.35065963975138964
HD175362,8.971745690661885,0.271455519766379
HD54131,9.877333984637616,0.019243364961379295
HD31746,11.01421517071797,0.036124256320916454
HD4150,9.127256153107727,0.1021977404049099
HD190730,6.9200382595389724,0.051615670631200844
HD163800,11.430117164965278,0.020378243351339753
HD56537,8.343147713852565,0.01449431081684217
HD106926,7.484414212596981,0.030603389678919037
del_Pav,10.58784026484545,0.018768265918850512
HIP88399,5.315154758165703,0.010687773990303255
HD207971,7.518197131574903,0.19714903445428317
HD178606,11.156586337536925,0.1346005966510844
HD130169,7.002850174235128,0.3292802412081559
HR4796A,9.474435902408484,0.0999009756717636
HD56895,10.35700161213983,0.09676296170171422
HD221760,2.1504761615985455,0.11019566333125737
HD109704,10.352333280039693,0.035173608088314746
HD319004,3.5211669590322487,0.28283376419744516
IRAS08577-6035,6.150888086436515,0.013824255489124328
FK_SER,6.908377644712597,0.16756978021274496
DELTA_CIR,12.11974595948054,0.3320520834929297
HD75916,9.981970641090255,0.03730582961365031
V4153_Sgr,10.139109923733995,0.012651090280755345
HD173667,7.370298266394115,0.07808003622926278
HD19374,8.288166027266803,0.16543381741427848
V1095_SCO,4.693089260493932,0.17592290568929522
HD219571,10.438886408006113,0.01208673047712709
HD142139,6.585738128247769,0.04048394568379657
T_Mon,9.458595223434024,0.0441791827022065
SAO206462,10.293735305229827,0.2297774002297608
EM_SR_24S,4.7922725842953025,0.04106088225690957
HD39608,7.55692891072127,0.026478363660098
HD21933,6.362426880182262,0.04007865010304893
TAU_CETI,9.517697312203268,0.028673416255083056
V1149_SCO,6.022781845263104,0.23137943348274922
HD27376,7.981457307753374,3.034592271986671
HD203608,7.6760532180824095,0.004405658250433238
V709_CRA,5.44360994675467,0.02968205746027429
HD160032,8.243124917763163,0.012379156016264693
HD168137,9.691700680465726,2.0150749706774387
GG_TAU_1,8.457209159742176,0.36686903035732027
HD105850,8.96426272884818,0.029786037917805364
HD16555,8.209616360559925,1.8666850192394797
V2131_OPH,5.201856131988549,0.2146602707832712
HD25042,8.73167951018957,0.1799542059932167
HD160915,7.519336326066669,0.052358820445090604
chi_Oph,6.877825821032043,0.052642168406110364
R_Vol,5.172637962682329,0.21856566341931527
HD138764,12.180614079291537,0.04349688387553482
HD2275,0.0,0.0
HD20794,7.886307787964911,0.035200449074552706
HD96670,9.306532230472927,0.9629747465423107
HD30579,10.138107300890457,0.0631998507596007
HD78316,9.393184305816263,0.09458296722640026
RAqr,2.2844753078248785,3.315529459875103
V411_SER,9.271584363442528,0.08818148870561644
HD151804,8.533394510900008,0.09447161380829512
HD262137,11.024083233044665,0.0473331178461624
V360_ORI,3.180221512325927,0.05143332350070183
HD56022,11.491896909304964,0.07810515996941027
HD141556,7.921686357355076,1.4840611738175868
HD16582,10.14637969109945,0.02606888202802482
HD16920,9.74563952859916,1.9324541326126814
HD47432,11.479619671707345,0.18294651817826463
HDE_326331,8.893721470026687,0.09885768513725943
HD195627,9.629022380353668,0.0068303310222545
HD156324,2.838529191632588,0.0481437210364903
HD209952,9.90701404640168,0.010602326269844252
HD59967,6.635547062802232,0.03275030480672149
HD133880,8.89118060125554,0.4190659725844556
PI1_GRU,3.611445278891241,5.091608795130419
HD45677,5.151520217694372,0.22405403294079201
HD33647,0.0,0.0
HD190180,9.095379684002395,0.07264431713974796
sig_Sgr,8.704040072106121,2.10307457518533
VCQTau,3.669223242113394,0.03470199844852887
HD93632,9.303318234694785,0.19093346156295693
HD97048,7.684104814592831,0.08383778446480546
V2364_ORI,6.661905263598283,0.12008997528772063
S_Vul,6.405181961867285,0.06982394177308607
HD104732,8.117061465423932,0.032739471556762864
HD3302,8.432118698021597,0.01969208099673289
V923_SCO,9.62412132426952,0.21730606572229752
HIP80890,9.668251033590304,0.034919171764712674
MWC758,8.301153646731677,0.04596688456820769
HD155889,3.896249864975487,0.5761815200301045
GAMMA_PEG,9.266802890638564,0.0450391787164559
V494_VEL,9.206543233443389,0.06494020319115466
HD10269,5.29319453554021,0.3173599113035886
MWC930,8.9191700961427,0.009155160890749033
89_Her,5.770083538237906,0.17085232374197395
UNKNOWN,9.766482499939338,0.022503382137290136
HD212906,9.38470298822548,0.05067407555227124
BD-12_243,14.108594436495844,0.12187762973010961
HD39523,8.932642644811782,0.07572906263888592
MY_Pup,10.6717225072136,0.09872065098373589
UPS_SGR,4.818601585467695,0.39405869888670625
DELTA_CAP,10.80216245015517,0.019270612179375597
IRAS17530-3348,7.397995883435256,0.18146146494320356
HD25457,11.819973309029992,0.023012355206458345
HIP89136,9.576033953963888,0.10019853405482675
INTERNAL,6.742519655939359,0.6610172231886955
GLASS_F,2.7673885860999476,0.30061700290465626
HD208578,9.286582470881225,0.1031091003692752
HEN_3-600,6.369981916169506,0.011327231359952172
V921Sco,7.344911922930617,0.270706611279966
TT_Aql,10.568057741441018,0.02942736562095251
HIP11231,9.060049844210273,0.6133184964660874
HD30836,10.824270976305726,0.011515476872059428
HD37115,7.978508231181612,0.5031069304932988
5_Cet,11.660573138087765,0.014203487951625666
MU_NOR,9.270756466984803,0.10573244742476368
HD108483,10.072288891102454,0.018445640997899696
HD58261,9.74637054296195,0.013182101146047641
HD99897,7.340360348200693,0.07615915072561119
CD-57_1054,8.303991464768508,0.17985729569585251
HD197692,11.221415774158302,0.023386244049271785
HD215766,9.146539314752713,1.2510950628033533
HD7788,8.218050957531048,0.022744547224079148
HD219482,8.346468681242113,0.015398200371266902
HD180183,7.541778120992488,0.08430211497903636
HD169582,6.6025736695066986,0.07204369389590434
HD24072,10.121903034922305,0.036620880657687996
HD209819,7.66335462379032,0.39011467563047
51_Eri,9.847175897946453,0.02930355975923688
HD133518,9.51521556818673,0.05278793841350443
HD37756,9.87995966953787,0.18340648239794033
HD175073,8.305140709403123,0.30230849791809067
HD82434,9.812417719789845,0.02049123353246527
BETA_GRU,1.8395154448226525,3.7911024213947813
HD42657,6.808090133992081,0.15560258004879438
HD101545,9.210793245570738,2.054618490007158
HD156212,10.331496580298547,0.015033644330420691
